[
    {
        "site": "StripChat",
        "username": "Yui-Ch",
        "running": true
    },
    {
        "site": "StripChat",
        "username": "_7Eleven_",
        "running": true
    },
    {
        "site": "StripChat",
        "username": "Nonchan_",
        "running": true
    },
    {
        "site": "StripChat",
        "username": "VVVVVKi",
        "running": true
    },
    {
        "site": "StripChat",
        "username": "Sweet-bb",
        "running": true
    },
    {
        "site": "StripChat",
        "username": "Carolina_Novoa",
        "running": true
    },
    {
        "site": "StripChat",
        "username": "drug_girl",
        "running": true
    },
    {
        "site": "StripChat",
        "username": "scarlett_smiths",
        "running": true
    },
    {
        "site": "StripChat",
        "username": "bae_suz",
        "running": true
    },
    {
        "site": "StripChat",
        "username": "IrisIgu",
        "running": true
    },
    {
        "site": "StripChat",
        "username": "DancerSaKi_",
        "running": true
    },
    {
        "site": "StripChat",
        "username": "610Stella",
        "running": true
    },
    {
        "site": "StripChat",
        "username": "CarmenMoore",
        "running": true
    },
    {
        "site": "StripChat",
        "username": "Eva-Lung",
        "running": true
    },
    {
        "site": "StripChat",
        "username": "Jiisoo_Lab",
        "running": true
    },
    {
        "site": "StripChat",
        "username": "tt50256",
        "running": true
    },
    {
        "site": "StripChat",
        "username": "-DIO-DIO-",
        "running": true
    },
    {
        "site": "StripChat",
        "username": "Jennie_Spa",
        "running": true
    },
    {
        "site": "StripChat",
        "username": "__Lab__",
        "running": true
    },
    {
        "site": "StripChat",
        "username": "cicikissu",
        "running": true
    },
    {
        "site": "StripChat",
        "username": "_Nono",
        "running": true
    },
    {
        "site": "StripChat",
        "username": "AkiShina",
        "running": true
    },
    {
        "site": "StripChat",
        "username": "maakimo",
        "running": true
    },
    {
        "site": "StripChat",
        "username": "Kaixin-Baby",
        "running": true
    },
    {
        "site": "StripChat",
        "username": "lindsay-mei",
        "running": true
    },
    {
        "site": "StripChat",
        "username": "ice_bbyy11",
        "running": true
    },
    {
        "site": "StripChat",
        "username": "Coconice23",
        "running": true
    },
    {
        "site": "StripChat",
        "username": "Lovely-520",
        "running": true
    },
    {
        "site": "StripChat",
        "username": "Yanyanbaby",
        "running": true
    },
    {
        "site": "StripChat",
        "username": "KANNA_x",
        "running": true
    },
    {
        "site": "StripChat",
        "username": "LUNA_JP",
        "running": true
    },
    {
        "site": "StripChat",
        "username": "Kanyan_",
        "running": true
    },
    {
        "site": "StripChat",
        "username": "yuuri_01",
        "running": true
    },
    {
        "site": "StripChat",
        "username": "YUZU_JP",
        "running": true
    },
    {
        "site": "StripChat",
        "username": "Naachan_",
        "running": true
    },
    {
        "site": "StripChat",
        "username": "Doll-bb",
        "running": true
    },
    {
        "site": "StripChat",
        "username": "KARIN_JP",
        "running": true
    },
    {
        "site": "StripChat",
        "username": "Princess_Saraa",
        "running": true
    },
    {
        "site": "StripChat",
        "username": "AsanaKuit",
        "running": true
    },
    {
        "site": "StripChat",
        "username": "CNNANAoo",
        "running": true
    },
    {
        "site": "StripChat",
        "username": "FlorenceOwen",
        "running": true
    },
    {
        "site": "StripChat",
        "username": "yuki-uu",
        "running": true
    },
    {
        "site": "StripChat",
        "username": "SophieSweety",
        "running": true
    },
    {
        "site": "StripChat",
        "username": "Jessical",
        "running": true
    },
    {
        "site": "StripChat",
        "username": "Rose_unique",
        "running": true
    },
    {
        "site": "StripChat",
        "username": "The_Snowwhitee",
        "running": true
    },
    {
        "site": "StripChat",
        "username": "Chou_Leo",
        "running": true
    },
    {
        "site": "StripChat",
        "username": "Chiki_Office",
        "running": true
    },
    {
        "site": "StripChat",
        "username": "IdaCortez",
        "running": true
    },
    {
        "site": "StripChat",
        "username": "sm-Yingzi",
        "running": true
    },
    {
        "site": "StripChat",
        "username": "misapink",
        "running": true
    },
    {
        "site": "StripChat",
        "username": "Amy-baby",
        "running": true
    },
    {
        "site": "StripChat",
        "username": "TataCoy",
        "running": true
    },
    {
        "site": "StripChat",
        "username": "iKamelllya",
        "running": true
    },
    {
        "site": "StripChat",
        "username": "EveIynBrown",
        "running": true
    },
    {
        "site": "StripChat",
        "username": "PurryAngel",
        "running": true
    },
    {
        "site": "StripChat",
        "username": "Tsumugi_M",
        "running": true
    },
    {
        "site": "StripChat",
        "username": "MAI_JP",
        "running": true
    },
    {
        "site": "StripChat",
        "username": "luli_hot18xx",
        "running": true
    },
    {
        "site": "StripChat",
        "username": "lollipop--",
        "running": true
    },
    {
        "site": "StripChat",
        "username": "MiSSLee01",
        "running": true
    },
    {
        "site": "StripChat",
        "username": "Stormy_Class",
        "running": true
    },
    {
        "site": "StripChat",
        "username": "cissy_668",
        "running": true
    },
    {
        "site": "StripChat",
        "username": "Southerly",
        "running": true
    },
    {
        "site": "StripChat",
        "username": "qin-Angel",
        "running": true
    },
    {
        "site": "StripChat",
        "username": "Agnes-sss",
        "running": true
    },
    {
        "site": "StripChat",
        "username": "Vy-6868",
        "running": true
    },
    {
        "site": "StripChat",
        "username": "anan_babe",
        "running": true
    },
    {
        "site": "StripChat",
        "username": "Kawaii_camilla",
        "running": true
    },
    {
        "site": "StripChat",
        "username": "qin-love",
        "running": true
    },
    {
        "site": "Chaturbate",
        "username": "bunnybonn1e",
        "running": true
    },
    {
        "site": "Chaturbate",
        "username": "irma_bell",
        "running": true
    },
    {
        "site": "Chaturbate",
        "username": "oh_honey_",
        "running": true
    },
    {
        "site": "Chaturbate",
        "username": "elena_li",
        "running": true
    },
    {
        "site": "Chaturbate",
        "username": "may_tion",
        "running": true
    },
    {
        "site": "Chaturbate",
        "username": "sumiyaya",
        "running": true
    },
    {
        "site": "Chaturbate",
        "username": "404hotfound",
        "running": true
    },
    {
        "site": "Chaturbate",
        "username": "lil_pumpkinpie",
        "running": true
    },
    {
        "site": "Chaturbate",
        "username": "kimwaynekw",
        "running": true
    },
    {
        "site": "Chaturbate",
        "username": "funny_to_see_you_here",
        "running": true
    },
    {
        "site": "Chaturbate",
        "username": "mei_tin",
        "running": true
    },
    {
        "site": "Chaturbate",
        "username": "as1an_girlfriend",
        "running": true
    },
    {
        "site": "Chaturbate",
        "username": "vixenp",
        "running": true
    },
    {
        "site": "Chaturbate",
        "username": "lalalexa",
        "running": true
    },
    {
        "site": "Chaturbate",
        "username": "sexynachos",
        "running": true
    },
    {
        "site": "Chaturbate",
        "username": "naughty__but_nice",
        "running": true
    },
    {
        "site": "Chaturbate",
        "username": "digital_geisha",
        "running": true
    },
    {
        "site": "Chaturbate",
        "username": "aya_hitakayama",
        "running": true
    },
    {
        "site": "Chaturbate",
        "username": "pixie_pie",
        "running": true
    },
    {
        "site": "Chaturbate",
        "username": "michelle_swan",
        "running": true
    },
    {
        "site": "Chaturbate",
        "username": "uwuxo",
        "running": true
    },
    {
        "site": "StripChat",
        "username": "Joyce_Coy",
        "running": true
    },
    {
        "site": "StripChat",
        "username": "JennyJoice",
        "running": true
    },
    {
        "site": "StripChat",
        "username": "xxSANAxx",
        "running": true
    },
    {
        "site": "StripChat",
        "username": "Sa_shimi",
        "running": true
    },
    {
        "site": "StripChat",
        "username": "leilei-",
        "running": true
    },
    {
        "site": "StripChat",
        "username": "pandatits",
        "running": true
    },
    {
        "site": "StripChat",
        "username": "Katherine--",
        "running": true
    },
    {
        "site": "StripChat",
        "username": "Agatha_0418",
        "running": true
    },
    {
        "site": "Chaturbate",
        "username": "bunnylia__",
        "running": true
    },
    {
        "site": "Chaturbate",
        "username": "xiawa_xo",
        "running": true
    },
    {
        "site": "Chaturbate",
        "username": "kateharrise",
        "running": true
    },
    {
        "site": "Chaturbate",
        "username": "jennycutey",
        "running": true
    },
    {
        "site": "Chaturbate",
        "username": "amandamedrano",
        "running": true
    },
    {
        "site": "StripChat",
        "username": "Lexy_Sandy",
        "running": true
    },
    {
        "site": "StripChat",
        "username": "SerenityRosie",
        "running": true
    },
    {
        "site": "StripChat",
        "username": "dravver",
        "running": true
    },
    {
        "site": "StripChat",
        "username": "ChantalCarol",
        "running": true
    },
    {
        "site": "StripChat",
        "username": "iminako",
        "running": true
    },
    {
        "site": "StripChat",
        "username": "VerusSure",
        "running": true
    },
    {
        "site": "Chaturbate",
        "username": "cute_caprice",
        "running": true
    },
    {
        "site": "Chaturbate",
        "username": "hee_jin",
        "running": true
    },
    {
        "site": "Chaturbate",
        "username": "innocentprovenguilty",
        "running": true
    },
    {
        "site": "Chaturbate",
        "username": "madeline_jackson",
        "running": true
    },
    {
        "site": "Chaturbate",
        "username": "asya_sweet_",
        "running": true
    },
    {
        "site": "Chaturbate",
        "username": "ohmysweetkitty",
        "running": true
    },
    {
        "site": "Chaturbate",
        "username": "kiss_katris",
        "running": true
    },
    {
        "site": "Chaturbate",
        "username": "politeeliza",
        "running": true
    },
    {
        "site": "Chaturbate",
        "username": "lucie_beltran",
        "running": true
    },
    {
        "site": "Chaturbate",
        "username": "alice_kosmos",
        "running": true
    },
    {
        "site": "Chaturbate",
        "username": "angel_pinky",
        "running": true
    },
    {
        "site": "Chaturbate",
        "username": "maria_alfonsina_",
        "running": true
    },
    {
        "site": "Chaturbate",
        "username": "marceliavsworld",
        "running": true
    },
    {
        "site": "Chaturbate",
        "username": "mey_bae",
        "running": true
    },
    {
        "site": "Chaturbate",
        "username": "sophiemans",
        "running": true
    },
    {
        "site": "StripChat",
        "username": "18-wanwan",
        "running": true
    },
    {
        "site": "StripChat",
        "username": "mmgirl",
        "running": true
    },
    {
        "site": "StripChat",
        "username": "bejeni-sweet",
        "running": true
    },
    {
        "site": "StripChat",
        "username": "Muoi_Coffee",
        "running": true
    },
    {
        "site": "Chaturbate",
        "username": "excitease",
        "running": true
    },
    {
        "site": "Chaturbate",
        "username": "effylowell_",
        "running": true
    },
    {
        "site": "Chaturbate",
        "username": "saintlyn",
        "running": true
    },
    {
        "site": "Chaturbate",
        "username": "annabisoux",
        "running": true
    },
    {
        "site": "Chaturbate",
        "username": "ksensual",
        "running": true
    },
    {
        "site": "Chaturbate",
        "username": "mango_sisi",
        "running": true
    },
    {
        "site": "StripChat",
        "username": "KateHarrise",
        "running": true
    },
    {
        "site": "StripChat",
        "username": "AliceLanley",
        "running": true
    },
    {
        "site": "StripChat",
        "username": "EmitaAnila1",
        "running": true
    },
    {
        "site": "StripChat",
        "username": "Girl_Jenny",
        "running": true
    },
    {
        "site": "StripChat",
        "username": "RoseMarceau_",
        "running": true
    },
    {
        "site": "StripChat",
        "username": "SallyCutie17",
        "running": true
    },
    {
        "site": "StripChat",
        "username": "BettyLiven",
        "running": true
    },
    {
        "site": "StripChat",
        "username": "AnjelaHill",
        "running": true
    },
    {
        "site": "StripChat",
        "username": "CammyKld",
        "running": true
    },
    {
        "site": "StripChat",
        "username": "ranran_ch",
        "running": true
    },
    {
        "site": "StripChat",
        "username": "Saki_87",
        "running": true
    },
    {
        "site": "StripChat",
        "username": "BeautySpa_Eira",
        "running": true
    },
    {
        "site": "StripChat",
        "username": "sleeping_aurora",
        "running": true
    },
    {
        "site": "StripChat",
        "username": "Lavina-66",
        "running": true
    },
    {
        "site": "StripChat",
        "username": "Linglong521",
        "running": true
    },
    {
        "site": "StripChat",
        "username": "-NORA",
        "running": true
    },
    {
        "site": "StripChat",
        "username": "Peggy--fun",
        "running": true
    },
    {
        "site": "StripChat",
        "username": "Dennielle-",
        "running": true
    },
    {
        "site": "StripChat",
        "username": "Kira_Candyy",
        "running": true
    },
    {
        "site": "StripChat",
        "username": "StellaCallis",
        "running": true
    },
    {
        "site": "StripChat",
        "username": "Wet-_-Cat",
        "running": true
    },
    {
        "site": "StripChat",
        "username": "jane-sucks",
        "running": true
    },
    {
        "site": "StripChat",
        "username": "madiluvv",
        "running": true
    },
    {
        "site": "StripChat",
        "username": "Beverlyvegga",
        "running": true
    },
    {
        "site": "StripChat",
        "username": "deepeggs",
        "running": true
    },
    {
        "site": "StripChat",
        "username": "Unicorngirls",
        "running": true
    },
    {
        "site": "StripChat",
        "username": "Sherry_niko",
        "running": true
    },
    {
        "site": "StripChat",
        "username": "ANNA102",
        "running": true
    },
    {
        "site": "StripChat",
        "username": "Baileys_TT",
        "running": true
    },
    {
        "site": "StripChat",
        "username": "Eup_Mona",
        "running": true
    },
    {
        "site": "StripChat",
        "username": "uni-cn",
        "running": true
    },
    {
        "site": "StripChat",
        "username": "Lisa_SaSa",
        "running": true
    },
    {
        "site": "StripChat",
        "username": "k_kimikooo",
        "running": true
    },
    {
        "site": "StripChat",
        "username": "tender_lii",
        "running": true
    },
    {
        "site": "StripChat",
        "username": "Fresh_Fruit",
        "running": true
    },
    {
        "site": "StripChat",
        "username": "maki_chan",
        "running": true
    },
    {
        "site": "StripChat",
        "username": "kaya_kakuro",
        "running": true
    },
    {
        "site": "StripChat",
        "username": "Magic_Angel",
        "running": true
    },
    {
        "site": "StripChat",
        "username": "yuria_sc",
        "running": true
    },
    {
        "site": "StripChat",
        "username": "Kaylee---",
        "running": true
    },
    {
        "site": "StripChat",
        "username": "Pinky_pau",
        "running": true
    },
    {
        "site": "StripChat",
        "username": "lil_princess1",
        "running": true
    },
    {
        "site": "StripChat",
        "username": "GabbiTurn",
        "running": true
    },
    {
        "site": "StripChat",
        "username": "susanpierce",
        "running": true
    },
    {
        "site": "StripChat",
        "username": "veronica88",
        "running": true
    }
]